REF,Trt,POS,DEPTH,A,C,G,T,N,INS,DEL,REF_SKIP,FAIL,NEAR_MAX_DEPTH,RefBase,Reference,A_Mismatch,C_Mismatch,G_Mismatch,T_Mismatch,Deletion
plastid-Ath-LysTTT-171861,Periodate,1,90690,429,20,90205,35,1,0,0,0,0,FALSE,G,90205,429,20,0,35,0
plastid-Ath-LysTTT-171861,Periodate,2,91006,48,57,90866,32,3,1,0,0,0,FALSE,G,90866,48,57,0,32,0
plastid-Ath-LysTTT-171861,Periodate,3,91296,35,71,91044,132,14,8,0,0,0,FALSE,G,91044,35,71,0,132,0
plastid-Ath-LysTTT-171861,Periodate,4,91472,19,50,550,90830,23,502,0,0,0,FALSE,T,90830,19,50,550,0,0
plastid-Ath-LysTTT-171861,Periodate,5,91678,38,75,72,91479,14,26,0,0,0,FALSE,T,91479,38,75,72,0,0
plastid-Ath-LysTTT-171861,Periodate,6,91859,65,277,90969,191,14,39,343,0,0,FALSE,G,90969,65,277,0,191,343
plastid-Ath-LysTTT-171861,Periodate,7,92111,28,91911,25,129,7,12,11,0,0,FALSE,C,91911,28,0,25,129,11
plastid-Ath-LysTTT-171861,Periodate,8,92596,288,90,55,92137,11,15,15,0,0,FALSE,T,92137,288,90,55,0,15
plastid-Ath-LysTTT-171861,Periodate,9,92696,92470,41,76,86,4,19,19,0,0,FALSE,A,92470,0,41,76,86,19
plastid-Ath-LysTTT-171861,Periodate,10,93349,92953,108,109,162,10,12,7,0,0,FALSE,A,92953,0,108,109,162,7
plastid-Ath-LysTTT-171861,Periodate,11,93566,59,93268,107,121,9,13,2,0,0,FALSE,C,93268,59,0,107,121,2
plastid-Ath-LysTTT-171861,Periodate,12,94076,138,157,107,93654,11,12,9,0,0,FALSE,T,93654,138,157,107,0,9
plastid-Ath-LysTTT-171861,Periodate,13,94530,335,93835,141,190,11,10,18,0,0,FALSE,C,93835,335,0,141,190,18
plastid-Ath-LysTTT-171861,Periodate,14,94836,94120,237,218,216,11,37,34,0,0,FALSE,A,94120,0,237,218,216,34
plastid-Ath-LysTTT-171861,Periodate,15,95251,94529,128,161,390,11,75,32,0,0,FALSE,A,94529,0,128,161,390,32
plastid-Ath-LysTTT-171861,Periodate,16,95742,438,94775,75,340,1,56,113,0,0,FALSE,C,94775,438,0,75,340,113
plastid-Ath-LysTTT-171861,Periodate,17,98574,267,387,83363,10417,13,41,4127,0,0,FALSE,G,83363,267,387,0,10417,4127
plastid-Ath-LysTTT-171861,Periodate,18,105307,439,285,98383,6074,14,12,112,0,0,FALSE,G,98383,439,285,0,6074,112
plastid-Ath-LysTTT-171861,Periodate,19,107658,127,545,129,106571,13,77,273,0,0,FALSE,T,106571,127,545,129,0,273
plastid-Ath-LysTTT-171861,Periodate,20,111739,111354,70,122,130,17,21,46,0,0,FALSE,A,111354,0,70,122,130,46
plastid-Ath-LysTTT-171861,Periodate,21,112568,271,373,110940,930,6,47,48,0,0,FALSE,G,110940,271,373,0,930,48
plastid-Ath-LysTTT-171861,Periodate,22,122207,121911,54,97,115,13,10,17,0,0,FALSE,A,121911,0,54,97,115,17
plastid-Ath-LysTTT-171861,Periodate,23,122852,241,563,120467,1324,7,59,250,0,0,FALSE,G,120467,241,563,0,1324,250
plastid-Ath-LysTTT-171861,Periodate,24,125842,104,65,65,125512,21,1,75,0,0,FALSE,T,125512,104,65,65,0,75
plastid-Ath-LysTTT-171861,Periodate,25,126347,125999,102,87,124,7,20,28,0,0,FALSE,A,125999,0,102,87,124,28
plastid-Ath-LysTTT-171861,Periodate,26,126531,100,126314,24,76,7,59,10,0,0,FALSE,C,126314,100,0,24,76,10
plastid-Ath-LysTTT-171861,Periodate,27,126871,95,160,22,126563,11,15,20,0,0,FALSE,T,126563,95,160,22,0,20
plastid-Ath-LysTTT-171861,Periodate,28,127271,90,126990,41,123,9,26,18,0,0,FALSE,C,126990,90,0,41,123,18
plastid-Ath-LysTTT-171861,Periodate,29,128597,224,124,127767,261,16,28,205,0,0,FALSE,G,127767,224,124,0,261,205
plastid-Ath-LysTTT-171861,Periodate,30,131701,323,367,130275,647,19,79,70,0,0,FALSE,G,130275,323,367,0,647,70
plastid-Ath-LysTTT-171861,Periodate,31,136425,435,134196,345,1262,11,688,176,0,0,FALSE,C,134196,435,0,345,1262,176
plastid-Ath-LysTTT-171861,Periodate,32,162536,292,2202,2060,105542,18,358,52422,0,0,FALSE,T,105542,292,2202,2060,0,52422
plastid-Ath-LysTTT-171861,Periodate,33,303431,3615,1976,1080,280932,46,56,15782,0,0,FALSE,T,280932,3615,1976,1080,0,15782
plastid-Ath-LysTTT-171861,Periodate,34,307171,170,207,88,306519,45,28,142,0,0,FALSE,T,306519,170,207,88,0,142
plastid-Ath-LysTTT-171861,Periodate,35,309818,286,203,84,309003,49,31,193,0,0,FALSE,T,309003,286,203,84,0,193
plastid-Ath-LysTTT-171861,Periodate,36,311573,310114,233,394,559,29,40,244,0,0,FALSE,A,310114,0,233,394,559,244
plastid-Ath-LysTTT-171861,Periodate,37,313424,312151,365,260,453,34,25,161,0,0,FALSE,A,312151,0,365,260,453,161
plastid-Ath-LysTTT-171861,Periodate,38,313541,522,312325,70,265,30,167,329,0,0,FALSE,C,312325,522,0,70,265,329
plastid-Ath-LysTTT-171861,Periodate,39,312634,200,311930,86,278,29,484,111,0,0,FALSE,C,311930,200,0,86,278,111
plastid-Ath-LysTTT-171861,Periodate,40,312387,1401,2427,303947,1631,33,52,2948,0,0,FALSE,G,303947,1401,2427,0,1631,2948
plastid-Ath-LysTTT-171861,Periodate,41,312368,312161,22,48,37,36,14,64,0,0,FALSE,A,312161,0,22,48,37,64
plastid-Ath-LysTTT-171861,Periodate,42,312266,18,312140,11,50,20,7,27,0,0,FALSE,C,312140,18,0,11,50,27
plastid-Ath-LysTTT-171861,Periodate,43,312084,22,101,111,276935,42,8,34873,0,0,FALSE,T,276935,22,101,111,0,34873
plastid-Ath-LysTTT-171861,Periodate,44,312047,275705,55,112,9,40,5,36126,0,0,FALSE,A,275705,0,55,112,9,36126
plastid-Ath-LysTTT-171861,Periodate,45,312031,33,2757,269483,93,20,84,39645,0,0,FALSE,G,269483,33,2757,0,93,39645
plastid-Ath-LysTTT-171861,Periodate,46,312028,1232,19364,2022,261962,64,3,27384,0,0,FALSE,T,261962,1232,19364,2022,0,27384
plastid-Ath-LysTTT-171861,Periodate,47,312024,52,195,8,311710,51,0,8,0,0,FALSE,T,311710,52,195,8,0,8
plastid-Ath-LysTTT-171861,Periodate,48,311998,12,311917,23,22,15,0,9,0,0,FALSE,C,311917,12,0,23,22,9
plastid-Ath-LysTTT-171861,Periodate,49,311994,23,311887,19,45,20,5,0,0,0,FALSE,C,311887,23,0,19,45,0
plastid-Ath-LysTTT-171861,Periodate,50,311988,32,40,311660,30,29,0,197,0,0,FALSE,G,311660,32,40,0,30,197
plastid-Ath-LysTTT-171861,Periodate,51,311987,22,17,311765,150,24,0,9,0,0,FALSE,G,311765,22,17,0,150,9
plastid-Ath-LysTTT-171861,Periodate,52,311958,30,7,311494,403,24,5,0,0,0,FALSE,G,311494,30,7,0,403,0
plastid-Ath-LysTTT-171861,Periodate,53,311954,12,87,7,311752,55,3,41,0,0,FALSE,T,311752,12,87,7,0,41
plastid-Ath-LysTTT-171861,Periodate,54,311937,15,52,2,311848,16,0,4,0,0,FALSE,T,311848,15,52,2,0,4
plastid-Ath-LysTTT-171861,Periodate,55,311937,11,311794,21,53,14,0,44,0,0,FALSE,C,311794,11,0,21,53,44
plastid-Ath-LysTTT-171861,Periodate,56,311929,173,574,308764,1263,21,6,1134,0,0,FALSE,G,308764,173,574,0,1263,1134
plastid-Ath-LysTTT-171861,Periodate,57,311925,311688,7,83,39,29,0,79,0,0,FALSE,A,311688,0,7,83,39,79
plastid-Ath-LysTTT-171861,Periodate,58,311907,224,2661,305062,3425,13,65,522,0,0,FALSE,G,305062,224,2661,0,3425,522
plastid-Ath-LysTTT-171861,Periodate,59,311893,33,161,6,311642,40,90,11,0,0,FALSE,T,311642,33,161,6,0,11
plastid-Ath-LysTTT-171861,Periodate,60,311866,44,311671,9,71,13,0,58,0,0,FALSE,C,311671,44,0,9,71,58
plastid-Ath-LysTTT-171861,Periodate,61,311858,42,311724,10,49,25,1,8,0,0,FALSE,C,311724,42,0,10,49,8
plastid-Ath-LysTTT-171861,Periodate,62,311835,42,311682,22,65,23,35,1,0,0,FALSE,C,311682,42,0,22,65,1
plastid-Ath-LysTTT-171861,Periodate,63,311804,90,193,310723,301,23,0,474,0,0,FALSE,G,310723,90,193,0,301,474
plastid-Ath-LysTTT-171861,Periodate,64,311740,70,187,310649,792,20,2,22,0,0,FALSE,G,310649,70,187,0,792,22
plastid-Ath-LysTTT-171861,Periodate,65,311098,54,95,310823,91,30,0,5,0,0,FALSE,G,310823,54,95,0,91,5
plastid-Ath-LysTTT-171861,Periodate,66,310677,68,310470,7,80,26,6,26,0,0,FALSE,C,310470,68,0,7,80,26
plastid-Ath-LysTTT-171861,Periodate,67,310544,310346,33,68,27,36,80,34,0,0,FALSE,A,310346,0,33,68,27,34
plastid-Ath-LysTTT-171861,Periodate,68,310460,310275,37,71,43,30,57,4,0,0,FALSE,A,310275,0,37,71,43,4
plastid-Ath-LysTTT-171861,Periodate,69,310435,71,310203,15,83,23,4167,40,0,0,FALSE,C,310203,71,0,15,83,40
plastid-Ath-LysTTT-171861,Periodate,70,310010,3276,306624,34,50,26,344,0,0,0,FALSE,C,306624,3276,0,34,50,0
plastid-Ath-LysTTT-171861,Periodate,71,309729,82,309567,14,39,27,1718,0,0,0,FALSE,C,309567,82,0,14,39,0
plastid-Ath-LysTTT-171861,Periodate,72,303829,301663,1863,150,130,23,0,0,0,0,FALSE,A,301663,0,1863,150,130,0
plastid-Ath-LysTTT-171861,Periodate,73,293258,1448,291369,204,212,25,0,0,0,0,FALSE,C,291369,1448,0,204,212,0
plastid-Ath-LysTTT-171861,Periodate,74,108409,6296,101740,187,173,13,0,0,0,0,FALSE,C,101740,6296,0,187,173,0
plastid-Ath-LysTTT-171861,Periodate,75,55465,53842,1427,82,108,6,0,0,0,0,FALSE,A,53842,0,1427,82,108,0
plastid-Ath-LysTTT-171861,Control,1,64869,176,10,64661,22,0,0,0,0,0,FALSE,G,64661,176,10,0,22,0
plastid-Ath-LysTTT-171861,Control,2,65105,6,14,65060,19,6,0,0,0,0,FALSE,G,65060,6,14,0,19,0
plastid-Ath-LysTTT-171861,Control,3,65317,12,19,65251,25,10,3,0,0,0,FALSE,G,65251,12,19,0,25,0
plastid-Ath-LysTTT-171861,Control,4,65400,8,32,233,65116,11,236,0,0,0,FALSE,T,65116,8,32,233,0,0
plastid-Ath-LysTTT-171861,Control,5,65468,20,49,16,65375,8,7,0,0,0,FALSE,T,65375,20,49,16,0,0
plastid-Ath-LysTTT-171861,Control,6,65542,18,32,65456,20,13,22,3,0,0,FALSE,G,65456,18,32,0,20,3
plastid-Ath-LysTTT-171861,Control,7,65563,6,65490,20,36,10,35,1,0,0,FALSE,C,65490,6,0,20,36,1
plastid-Ath-LysTTT-171861,Control,8,65637,34,46,16,65525,13,21,3,0,0,FALSE,T,65525,34,46,16,0,3
plastid-Ath-LysTTT-171861,Control,9,65670,65598,4,39,13,9,2,7,0,0,FALSE,A,65598,0,4,39,13,7
plastid-Ath-LysTTT-171861,Control,10,65809,65657,32,66,41,10,2,3,0,0,FALSE,A,65657,0,32,66,41,3
plastid-Ath-LysTTT-171861,Control,11,65861,9,65802,27,12,4,3,7,0,0,FALSE,C,65802,9,0,27,12,7
plastid-Ath-LysTTT-171861,Control,12,66082,25,60,52,65929,8,4,8,0,0,FALSE,T,65929,25,60,52,0,8
plastid-Ath-LysTTT-171861,Control,13,66205,64,65979,59,93,6,8,4,0,0,FALSE,C,65979,64,0,59,93,4
plastid-Ath-LysTTT-171861,Control,14,66281,66003,54,93,117,7,24,7,0,0,FALSE,A,66003,0,54,93,117,7
plastid-Ath-LysTTT-171861,Control,15,66386,66036,84,116,137,10,20,3,0,0,FALSE,A,66036,0,84,116,137,3
plastid-Ath-LysTTT-171861,Control,16,66517,69,66222,27,195,2,53,2,0,0,FALSE,C,66222,69,0,27,195,2
plastid-Ath-LysTTT-171861,Control,17,67118,25,81,66084,159,11,4,758,0,0,FALSE,G,66084,25,81,0,159,758
plastid-Ath-LysTTT-171861,Control,18,67422,34,44,67163,170,4,6,7,0,0,FALSE,G,67163,34,44,0,170,7
plastid-Ath-LysTTT-171861,Control,19,67505,37,287,19,66862,10,27,290,0,0,FALSE,T,66862,37,287,19,0,290
plastid-Ath-LysTTT-171861,Control,20,68451,68387,12,17,19,9,0,7,0,0,FALSE,A,68387,0,12,17,19,7
plastid-Ath-LysTTT-171861,Control,21,68521,5,8,68490,10,8,0,0,0,0,FALSE,G,68490,5,8,0,10,0
plastid-Ath-LysTTT-171861,Control,22,68623,68554,2,28,32,6,0,1,0,0,FALSE,A,68554,0,2,28,32,1
plastid-Ath-LysTTT-171861,Control,23,68825,7,16,68792,8,2,2,0,0,0,FALSE,G,68792,7,16,0,8,0
plastid-Ath-LysTTT-171861,Control,24,68932,10,18,6,68896,2,2,0,0,0,FALSE,T,68896,10,18,6,0,0
plastid-Ath-LysTTT-171861,Control,25,69010,68962,3,12,18,7,3,8,0,0,FALSE,A,68962,0,3,12,18,8
plastid-Ath-LysTTT-171861,Control,26,69037,1,69006,10,15,3,0,2,0,0,FALSE,C,69006,1,0,10,15,2
plastid-Ath-LysTTT-171861,Control,27,69151,5,16,11,69115,2,0,2,0,0,FALSE,T,69115,5,16,11,0,2
plastid-Ath-LysTTT-171861,Control,28,69178,5,69142,12,11,6,1,2,0,0,FALSE,C,69142,5,0,12,11,2
plastid-Ath-LysTTT-171861,Control,29,69251,11,0,69210,20,7,2,3,0,0,FALSE,G,69210,11,0,0,20,3
plastid-Ath-LysTTT-171861,Control,30,69589,22,17,69334,205,9,11,2,0,0,FALSE,G,69334,22,17,0,205,2
plastid-Ath-LysTTT-171861,Control,31,69910,3,69512,6,374,8,756,7,0,0,FALSE,C,69512,3,0,6,374,7
plastid-Ath-LysTTT-171861,Control,32,70106,12,98,4,69174,17,63,801,0,0,FALSE,T,69174,12,98,4,0,801
plastid-Ath-LysTTT-171861,Control,33,70632,20,1043,3,69364,6,0,196,0,0,FALSE,T,69364,20,1043,3,0,196
plastid-Ath-LysTTT-171861,Control,34,70800,31,29,12,70709,10,7,9,0,0,FALSE,T,70709,31,29,12,0,9
plastid-Ath-LysTTT-171861,Control,35,71271,27,28,5,71178,10,9,23,0,0,FALSE,T,71178,27,28,5,0,23
plastid-Ath-LysTTT-171861,Control,36,71477,71321,12,51,56,5,0,32,0,0,FALSE,A,71321,0,12,51,56,32
plastid-Ath-LysTTT-171861,Control,37,71656,71561,38,16,31,3,2,7,0,0,FALSE,A,71561,0,38,16,31,7
plastid-Ath-LysTTT-171861,Control,38,71667,8,71610,1,16,6,7,26,0,0,FALSE,C,71610,8,0,1,16,26
plastid-Ath-LysTTT-171861,Control,39,71584,24,71530,3,11,10,0,6,0,0,FALSE,C,71530,24,0,3,11,6
plastid-Ath-LysTTT-171861,Control,40,71556,10,4,71526,6,4,0,6,0,0,FALSE,G,71526,10,4,0,6,6
plastid-Ath-LysTTT-171861,Control,41,71494,71452,4,12,10,6,3,10,0,0,FALSE,A,71452,0,4,12,10,10
plastid-Ath-LysTTT-171861,Control,42,71464,5,71437,4,1,6,4,11,0,0,FALSE,C,71437,5,0,4,1,11
plastid-Ath-LysTTT-171861,Control,43,71434,6,38,17,63068,4,0,8301,0,0,FALSE,T,63068,6,38,17,0,8301
plastid-Ath-LysTTT-171861,Control,44,71426,62850,21,39,16,8,0,8492,0,0,FALSE,A,62850,0,21,39,16,8492
plastid-Ath-LysTTT-171861,Control,45,71417,22,143,61778,5,4,1,9465,0,0,FALSE,G,61778,22,143,0,5,9465
plastid-Ath-LysTTT-171861,Control,46,71414,219,4356,439,58914,18,0,7468,0,0,FALSE,T,58914,219,4356,439,0,7468
plastid-Ath-LysTTT-171861,Control,47,71398,28,62,0,71288,11,0,9,0,0,FALSE,T,71288,28,62,0,0,9
plastid-Ath-LysTTT-171861,Control,48,71386,0,71361,8,11,4,0,2,0,0,FALSE,C,71361,0,0,8,11,2
plastid-Ath-LysTTT-171861,Control,49,71367,5,71333,13,7,9,0,0,0,0,FALSE,C,71333,5,0,13,7,0
plastid-Ath-LysTTT-171861,Control,50,71349,17,3,71322,0,7,0,0,0,0,FALSE,G,71322,17,3,0,0,0
plastid-Ath-LysTTT-171861,Control,51,71341,2,0,71333,1,5,0,0,0,0,FALSE,G,71333,2,0,0,1,0
plastid-Ath-LysTTT-171861,Control,52,71335,3,1,71319,3,7,4,2,0,0,FALSE,G,71319,3,1,0,3,2
plastid-Ath-LysTTT-171861,Control,53,71323,1,35,0,71275,9,1,3,0,0,FALSE,T,71275,1,35,0,0,3
plastid-Ath-LysTTT-171861,Control,54,71319,5,20,1,71287,4,0,2,0,0,FALSE,T,71287,5,20,1,0,2
plastid-Ath-LysTTT-171861,Control,55,71317,0,71300,3,7,5,0,2,0,0,FALSE,C,71300,0,0,3,7,2
plastid-Ath-LysTTT-171861,Control,56,71316,10,6,71293,1,3,0,3,0,0,FALSE,G,71293,10,6,0,1,3
plastid-Ath-LysTTT-171861,Control,57,71298,71259,1,24,6,7,0,1,0,0,FALSE,A,71259,0,1,24,6,1
plastid-Ath-LysTTT-171861,Control,58,71285,2,1,71273,4,5,2,0,0,0,FALSE,G,71273,2,1,0,4,0
plastid-Ath-LysTTT-171861,Control,59,71285,22,67,31,71154,11,0,0,0,0,FALSE,T,71154,22,67,31,0,0
plastid-Ath-LysTTT-171861,Control,60,71269,28,71219,1,10,5,0,6,0,0,FALSE,C,71219,28,0,1,10,6
plastid-Ath-LysTTT-171861,Control,61,71266,11,71233,4,10,8,0,0,0,0,FALSE,C,71233,11,0,4,10,0
plastid-Ath-LysTTT-171861,Control,62,71259,9,71224,3,18,5,9,0,0,0,FALSE,C,71224,9,0,3,18,0
plastid-Ath-LysTTT-171861,Control,63,71220,16,7,71182,6,5,0,4,0,0,FALSE,G,71182,16,7,0,6,4
plastid-Ath-LysTTT-171861,Control,64,71052,19,1,71019,4,8,0,1,0,0,FALSE,G,71019,19,1,0,4,1
plastid-Ath-LysTTT-171861,Control,65,70201,14,12,70163,7,5,0,0,0,0,FALSE,G,70163,14,12,0,7,0
plastid-Ath-LysTTT-171861,Control,66,69737,19,69690,16,7,3,0,2,0,0,FALSE,C,69690,19,0,16,7,2
plastid-Ath-LysTTT-171861,Control,67,69680,69631,3,21,9,10,6,6,0,0,FALSE,A,69631,0,3,21,9,6
plastid-Ath-LysTTT-171861,Control,68,69648,69612,1,10,8,10,7,7,0,0,FALSE,A,69612,0,1,10,8,7
plastid-Ath-LysTTT-171861,Control,69,69646,27,69576,8,10,9,789,16,0,0,FALSE,C,69576,27,0,8,10,16
plastid-Ath-LysTTT-171861,Control,70,69583,772,68794,3,7,7,26,0,0,0,FALSE,C,68794,772,0,3,7,0
plastid-Ath-LysTTT-171861,Control,71,69444,21,69411,1,7,4,641,0,0,0,FALSE,C,69411,21,0,1,7,0
plastid-Ath-LysTTT-171861,Control,72,68642,67971,578,35,52,6,0,0,0,0,FALSE,A,67971,0,578,35,52,0
plastid-Ath-LysTTT-171861,Control,73,68230,301,67806,49,66,8,0,0,0,0,FALSE,C,67806,301,0,49,66,0
plastid-Ath-LysTTT-171861,Control,74,49706,1066,48572,27,40,1,0,0,0,0,FALSE,C,48572,1066,0,27,40,0
plastid-Ath-LysTTT-171861,Control,75,37956,37844,67,32,10,3,0,0,0,0,FALSE,A,37844,0,67,32,10,0